old_path	new_path	questions	sha256_before
knowledge-base/01-android/01-architecture/01-system-architecture.md	knowledge-base/01-android/01-architecture/01-system-architecture.md	18	04dac116d5a113eef3363cefc833ba66bdb30fec2557cd61b166c050a4bbc33b
knowledge-base/01-android/01-architecture/02-system-boot.md	knowledge-base/01-android/01-architecture/02-system-boot.md	43	d5d38199be1440936558e50049d0d2c102753b660922e7da45431a9421806d94
knowledge-base/01-android/01-architecture/08-system-server.md	knowledge-base/01-android/01-architecture/03-system-server.md	10	8c1fe9d55c536b8e50c01437bec67411ee6252bfb8ae656443f2f8014f7fdd6e
knowledge-base/01-android/01-architecture/03-binder.md	knowledge-base/01-android/01-architecture/04-binder.md	18	806b18a293e02a641be802d8cb50cc7124d0fb49297b778fc7874010c0863c60
knowledge-base/01-android/01-architecture/09-hal.md	knowledge-base/01-android/01-architecture/05-hal.md	3	2722e3fe2e0977b5bc4d57fb3bbf2c6897c8867715ffafaadbaae1bd0c9b5e22
knowledge-base/01-android/01-architecture/05-art-runtime.md	knowledge-base/01-android/01-architecture/06-art-runtime.md	20	dc1bacf0e22905b93ba65ccd6b8a6f3b9463c1d9bde06d8826ef6ab02a75383d
knowledge-base/01-android/01-architecture/06-jni.md	knowledge-base/01-android/01-architecture/07-jni.md	6	0ef3a796e74bb6ea8cc853899771e3d6e5386db60c87e4e2b604f89184434d80
knowledge-base/01-android/01-architecture/15-package-management.md	knowledge-base/01-android/01-architecture/08-package-management.md	9	394c84bf29d5c41ead38eaa5878412b2890fa3a84568adaeeea46b6db5fb59b0
knowledge-base/01-android/01-architecture/04-app-sandbox.md	knowledge-base/01-android/01-architecture/09-app-sandbox.md	16	0b2ff0495083dc8728fa4e88cebce43d12f1239f95cfcb3bfc8c92f7f723aa0b
knowledge-base/01-android/01-architecture/21-permissions.md	knowledge-base/01-android/01-architecture/10-permissions.md	3	cd97d9ec183c4a301150c3c21169c73b9284469ad164943346a48b7fa5ba1a93
knowledge-base/01-android/01-architecture/20-selinux.md	knowledge-base/01-android/01-architecture/11-selinux.md	28	f2e3ea67af565c9d9432192d53672b59db3182894d056b96efdef49443753bfc
knowledge-base/01-android/16-app-framework/01-four-components.md	knowledge-base/01-android/02-app-framework/01-four-components.md	6	cf8d8b71b010c5aa8d623498c6d81a3f4de049c566694192ab630b15083670bb
knowledge-base/01-android/16-app-framework/02-handler-looper.md	knowledge-base/01-android/02-app-framework/02-handler-looper.md	12	e9ed7f2517f8d564814de3a5783b8e23b2d70cea7788826bc0a3833651f15554
knowledge-base/01-android/16-app-framework/03-content-provider.md	knowledge-base/01-android/02-app-framework/03-content-provider.md	4	c7969e298b484ae9972f1a6041bcac32efff0b745284e7cdc21401d341a541c7
knowledge-base/01-android/16-app-framework/04-parcel.md	knowledge-base/01-android/02-app-framework/04-parcel.md	2	1cc8ef62d85f4eb73a16ff1b80d2c7ed2dcdbb545367dd6da39299e2c930995a
knowledge-base/01-android/16-app-framework/05-collections-annotations.md	knowledge-base/01-android/02-app-framework/05-collections-annotations.md	1	81fe12c410ab9c8099e661750c8c612bda48db2043529299b27c6b94584903f3
knowledge-base/01-android/16-app-framework/06-private-space.md	knowledge-base/01-android/02-app-framework/06-private-space.md	3	e7241ed08a3ca7f0a39435d1a40bf4a57642c1a95073c40ffbcf2cca4a28b224
knowledge-base/01-android/15-ui/01-activity.md	knowledge-base/01-android/03-ui/01-activity.md	27	ee5eb1ec0591c1d46f1c59a3de2258d61784644c1b00233c4545af6c0fb95345
knowledge-base/01-android/15-ui/02-view.md	knowledge-base/01-android/03-ui/02-view.md	27	5e5cceb90e271a8de221474c3f8134945d8cf668c8c85c42a93190298dabca48
knowledge-base/01-android/15-ui/03-resources.md	knowledge-base/01-android/03-ui/03-resources.md	23	702c302635511dcf2328ef40bc2ae0a70561c47ba64cb05623928ece26881038
knowledge-base/01-android/15-ui/05-window-system.md	knowledge-base/01-android/03-ui/04-window-system.md	20	9dba12a40b9798106b403a2cfb9b60d398a81d6825c6fb4071f813e116f80080
knowledge-base/01-android/15-ui/04-compose.md	knowledge-base/01-android/03-ui/05-compose.md	19	cb011fb6d3224f2fe1e9ec2772ec9975328acf7acc1d4ec673ecc1b9acc73b85
knowledge-base/01-android/15-ui/06-aaos-ui.md	knowledge-base/01-android/03-ui/06-aaos-ui.md	17	be9744396226fe1c4f6ab5f1d6ea9356294ae6caadb9957fff06d98458f09413
knowledge-base/01-android/15-ui/07-driving-safety.md	knowledge-base/01-android/03-ui/07-driving-safety.md	18	a75ca61605a8af204cd56373cc968e42c0a2c1e8a50a740fd90e7167a56fad9c
knowledge-base/01-android/15-ui/08-ui-debugging.md	knowledge-base/01-android/03-ui/08-ui-debugging.md	16	0b9859a690e0cb0b2d9dde57be3bf56f2a957e0d541025db989519bec249c1b6
knowledge-base/01-android/03-input/01-input-system.md	knowledge-base/01-android/04-input/01-input-system.md	27	bab7416d5f0172a6761bfec39f104216fa63b382a42eb7a9bd7bc49cc2ef1657
knowledge-base/01-android/03-input/02-app-event-dispatch.md	knowledge-base/01-android/04-input/02-app-event-dispatch.md	21	e9d83dea4470323b1cc32afb25e3870cdeb59420caa3acde40eb090e5ffc27c7
knowledge-base/01-android/03-input/04-input-reader.md	knowledge-base/01-android/04-input/03-input-reader.md	17	ae3894bf8935adf038959c9f95ec53e0b75413f04c530638e2e64a0c87d3792b
knowledge-base/01-android/03-input/03-key-mapping.md	knowledge-base/01-android/04-input/04-key-mapping.md	17	076dc998c54ae6aed0f1af31a38654f01e77966b63360a4c0db05f969f24d50a
knowledge-base/01-android/03-input/05-focus-multi-display.md	knowledge-base/01-android/04-input/05-focus-multi-display.md	14	1ca3b476f78df69a565a14b7278f5383755eee3940941f00db302b7b6e963f19
knowledge-base/01-android/03-input/06-aaos-input.md	knowledge-base/01-android/04-input/06-aaos-input.md	17	875e3886eddd0f4c907e541f1d3242aed7231eb50a728efe6c0393c8ffa65e4b
knowledge-base/01-android/03-input/07-input-diagnostics.md	knowledge-base/01-android/04-input/07-input-diagnostics.md	17	2996ef5e31d53c6167b20d70caeaee1e1536217539578e8f5d3ede444b045822
knowledge-base/01-android/02-rendering/01-render-pipeline-vsync.md	knowledge-base/01-android/05-rendering/01-render-pipeline-vsync.md	36	d3f6ac765b391ce55454fa0f99834a1bd69b67649c94a66f002bc95382e77029
knowledge-base/01-android/02-rendering/02-gpu-composition-display.md	knowledge-base/01-android/05-rendering/02-gpu-composition-display.md	33	c7d2b5bf70c5b07813eabd150f7f6adc3cc4a5a8404829623fbb2644cd7acefb
knowledge-base/01-android/02-rendering/03-multi-window-foldable.md	knowledge-base/01-android/05-rendering/03-multi-window-foldable.md	25	45d71467f2d4e90867581dd8e50f82b97fab2ae7e1bb2e1d41d82d3a7e02d097
knowledge-base/01-android/02-rendering/04-graphics-api.md	knowledge-base/01-android/05-rendering/04-graphics-api.md	15	5b0bb925a34c6ab818fe82efe7fbe56546f2ccc8e82790ca353d58910328c1d3
knowledge-base/01-android/02-rendering/05-graphic-stack-preload.md	knowledge-base/01-android/05-rendering/05-graphic-stack-preload.md	6	9adfbced06ca028df9b4db391f326fc31dd0c1dc49b60dfb0603f39d95554508
knowledge-base/01-android/02-rendering/06-camera-pipeline.md	knowledge-base/01-android/05-rendering/06-camera-pipeline.md	6	c8d89de62d8b0efcc6c2a531c42b097f32d40d71fff0757cdd67deab54f4c489
knowledge-base/01-android/02-rendering/07-media-playback.md	knowledge-base/01-android/05-rendering/07-media-playback.md	6	d203236a6088f0fd6294a449996aa12b4cb2f70c155b2ccd09864d4fd98e596a
knowledge-base/01-android/02-rendering/08-android-xr.md	knowledge-base/01-android/05-rendering/08-android-xr.md	3	a249c0881e0115957bbebfcb8be0e1f674a5019db66e213de331f5b4459670b4
knowledge-base/01-android/06-platform-services/07-broadcast.md	knowledge-base/01-android/11-platform-services/01-broadcast.md	4	ef0864e758339487995dc32cf39c9006237f24c8403e57617472d7772e4f64df
knowledge-base/01-android/06-platform-services/01-notifications.md	knowledge-base/01-android/11-platform-services/02-notifications.md	7	5e231607d563acc67e4e04c2a7c5d312f0256cfcc4684e5ecb13560536ce9703
knowledge-base/01-android/06-platform-services/03-location.md	knowledge-base/01-android/11-platform-services/03-location.md	5	56bbce9895f8c7e792ed2e3ca0e0d9b97c2efeac46eea271970a46e0f0b6acb6
knowledge-base/01-android/06-platform-services/02-biometrics.md	knowledge-base/01-android/11-platform-services/04-biometrics.md	5	dbafdb99faab56293de776137104a79e8d175f9a80e5b162235fbf455005a2bd
knowledge-base/01-android/06-platform-services/06-aconfig-runtime.md	knowledge-base/01-android/11-platform-services/05-aconfig-runtime.md	5	6de04a880f0ba56fba392e8a6e86fa3b4a2f65daca9defca261f00d3cb2eb5a8
knowledge-base/01-android/06-platform-services/04-avf-virtualization.md	knowledge-base/01-android/11-platform-services/06-avf-virtualization.md	4	0eb92df42b24c44c81642c9f3f9ae5ab2ae92daef51b0bc12db2911081588acd
knowledge-base/01-android/06-platform-services/05-ai-services.md	knowledge-base/01-android/11-platform-services/07-ai-services.md	4	36c703e976ad0b707d5692ff333c1675b4ff505ccf7689be5fa5f895ff68f65f
knowledge-base/01-android/04-storage/02-partitions.md	knowledge-base/01-android/06-storage/01-partitions.md	4	13fc912bd23178ed976e5f5a864cf6e71699d32e1ce5491ab9562f8fb13a7dca
knowledge-base/01-android/04-storage/01-storage-io.md	knowledge-base/01-android/06-storage/02-storage-io.md	23	2ed0497c75dfbebb2a12d386cc3a7c2a313695bc97640221e17006048d1aacfd
knowledge-base/01-android/05-memory/01-memory-management.md	knowledge-base/01-android/07-memory/01-memory-management.md	32	c36e788c6b8853163bda8f7bc0f6a94993aeb5b5f48d9d61c8b124690667957b
knowledge-base/01-android/05-memory/02-reclaim-compression.md	knowledge-base/01-android/07-memory/02-reclaim-compression.md	26	1bdaadb6cbd107780f77d8d6543fb3b0e7dd8caa2fbdc48f64cfb7012605330a
knowledge-base/01-android/14-network/01-network-framework.md	knowledge-base/01-android/08-network/01-network-framework.md	22	afcf0d23cbbf0c8a83d74f0e15c670331e82096926b0e15c0ef559f1710da76a
knowledge-base/01-android/14-network/04-cellular-wireless.md	knowledge-base/01-android/08-network/02-cellular-wireless.md	26	645e177f91c2e440bd591e5e282776c63b2f7b9197f7ac533cbd305a5f97d8c8
knowledge-base/01-android/14-network/08-app-network-constraints.md	knowledge-base/01-android/08-network/03-app-network-constraints.md	14	5f6ebe981b478325622836c222b3bf3ea20e084be42609c2725e37ee7d28f789
knowledge-base/01-android/14-network/09-transport-protocols.md	knowledge-base/01-android/08-network/04-transport-protocols.md	16	26301c4c918c5ffdcd3e91eec27199535a32c3539bbe57c080e3ab22b850802e
knowledge-base/01-android/14-network/03-vpn.md	knowledge-base/01-android/08-network/05-vpn.md	10	54f2ed611e920a75356a7f2c169f2bf6dad619f9b747a4796a93237be47b70ba
knowledge-base/01-android/14-network/02-multi-apn-veth.md	knowledge-base/01-android/08-network/06-multi-apn-veth.md	19	a27986dc712b8aca2009dede9bcb6e7949562008bbbc1d91a7bb17ccd5322033
knowledge-base/01-android/14-network/05-vehicle-network.md	knowledge-base/01-android/08-network/07-vehicle-network.md	14	344cb366343d8370be415498eba8ed2bc44060b4e1ca664bd07ab166a1c87459
knowledge-base/01-android/14-network/07-vehicle-security.md	knowledge-base/01-android/08-network/08-vehicle-security.md	8	3ce9ee45641c6753b16e060e45acacecb745e9d11304e7259035b13f8deef81a
knowledge-base/01-android/14-network/06-network-diagnostics.md	knowledge-base/01-android/08-network/09-network-diagnostics.md	10	4475afe21192287472f2f1c3cee2d4bb7a03c4de5b27ff424796bc72a0440bfc
knowledge-base/01-android/13-audio/01-aosp-audio.md	knowledge-base/01-android/09-audio/01-aosp-audio.md	17	ed0c2901157855e403f6447b1b2e76b101e75a3b1b778f0c60b8f7e07a21fb0e
knowledge-base/01-android/13-audio/05-phone-audio-focus.md	knowledge-base/01-android/09-audio/02-phone-audio-focus.md	7	d478e5554ccba46484d97a76e50d49873801387ad794860ff86e7c7f44648bdc
knowledge-base/01-android/13-audio/02-aaos-audio.md	knowledge-base/01-android/09-audio/03-aaos-audio.md	15	5c835f032545940668a0d00b152c463d2fdfe61f6d697d258c693bc9065c5391
knowledge-base/01-android/13-audio/03-audio-latency.md	knowledge-base/01-android/09-audio/04-audio-latency.md	11	0a2181a4331d670a4a4c895ddb0574755bcd17665dd5781edf630b328b2ab4c3
knowledge-base/01-android/13-audio/04-bluetooth-audio.md	knowledge-base/01-android/09-audio/05-bluetooth-audio.md	8	a9f60964d5e27572948c638b5e1c64c79828a81acf46fdee67d9d81476e63592
knowledge-base/01-android/13-audio/06-audio-decisions.md	knowledge-base/01-android/09-audio/06-audio-decisions.md	6	6bc6ccc812c38ffe50e94644088c1ac68113ccbdd2b192fcd59edc3da3ef588e
knowledge-base/01-android/13-audio/07-focus-api.md	knowledge-base/01-android/09-audio/07-focus-api.md	4	7518920be2c516d79a15e56a361e72e0972899e41ebeca0fc06396c77d2a127a
knowledge-base/01-android/13-audio/08-focus-flow.md	knowledge-base/01-android/09-audio/08-focus-flow.md	4	7e6836d4ccb1ba89f80348a1002f19fafcca1fe58279abe67a8d4c5e8a1fe499
knowledge-base/01-android/13-audio/09-car-focus.md	knowledge-base/01-android/09-audio/09-car-focus.md	5	e5febb79e3d96cf670e142d8656a03c5f91b0b1fc7f35257a968f3dcf67395a5
knowledge-base/01-android/13-audio/10-routing-volume.md	knowledge-base/01-android/09-audio/10-routing-volume.md	4	f6f542b11066b284c7b4dac16c8dd61bcee309adccaf6b62d21475e6bcf673ed
knowledge-base/01-android/13-audio/11-playback-hal.md	knowledge-base/01-android/09-audio/11-playback-hal.md	4	6edd5ffc16c9cbc474eecbdc48d4be4fc557df91281f0203693fbaa7b58fda9d
knowledge-base/01-android/13-audio/12-diagnostics.md	knowledge-base/01-android/09-audio/12-diagnostics.md	6	0a4c9847f6a3d7dc6c639b381c368ad9a91b485b94159d5417d50cc63cbe4340
knowledge-base/01-android/17-aaos/06-aaos-app-dev.md	knowledge-base/01-android/10-aaos/01-aaos-app-dev.md	3	7df696b2a527a5d47c3b8b3d9cfd4936a2857a07359395bdcf6de7383a673915
knowledge-base/01-android/17-aaos/05-vehicle-links.md	knowledge-base/01-android/10-aaos/02-vehicle-links.md	1	2fdbf0ee285ee71f29b74a19198bdfe25f2720e6b4673c029767497136b10428
knowledge-base/01-android/17-aaos/01-car-services.md	knowledge-base/01-android/10-aaos/03-car-services.md	12	0efb4e54e8d314e9d0cf316277f2d8a9221fad7754d1565eb8dfe0d93baaf3c5
knowledge-base/01-android/17-aaos/03-vhal-integration.md	knowledge-base/01-android/10-aaos/04-vhal-integration.md	4	b8a2284f33925772d0aae27d9089a9622cbd41eb6791d10f76495b9986a3104b
knowledge-base/01-android/17-aaos/04-car-power-users.md	knowledge-base/01-android/10-aaos/05-car-power-users.md	3	fe4b1d492c081f5df559250db1aa5a9c06014b95d5e79c38c15b658a9df10990
knowledge-base/01-android/17-aaos/02-car-launcher.md	knowledge-base/01-android/10-aaos/06-car-launcher.md	4	8a52bdb4ea321fc48cf3c91e2b21268e0e898fcbcb598cd754acb0ce480b0319
knowledge-base/01-android/12-platform-native/01-kernel-gki.md	knowledge-base/01-android/12-platform-native/01-kernel-gki.md	11	8b85ebd261cd8e6348397ede4857365655d0e89af5b3d0d5514ca8e8ce9e7c86
knowledge-base/01-android/12-platform-native/05-driver-runtime.md	knowledge-base/01-android/12-platform-native/02-driver-runtime.md	11	410217c70d31799ea4c4e1282c4042703eb696b4f79fdcf4961141aad64c08c7
knowledge-base/01-android/12-platform-native/02-binder-driver.md	knowledge-base/01-android/12-platform-native/03-binder-driver.md	10	825f12884ca6333d3b9e91886696181287f0d0615514725a568f955c5732839b
knowledge-base/01-android/12-platform-native/03-shared-memory.md	knowledge-base/01-android/12-platform-native/04-shared-memory.md	10	f1ca4e45a649a94f8fc37bae53a16f372ee44e29a96405d97e14aa10e47ffb0a
knowledge-base/01-android/12-platform-native/04-bionic-linker.md	knowledge-base/01-android/12-platform-native/05-bionic-linker.md	21	9376f2411b692b2f88f26348ed55826adf7349cb1d2418698f1a1f16b2d249ce
knowledge-base/01-android/12-platform-native/06-logd.md	knowledge-base/01-android/12-platform-native/06-logd.md	3	77bdefeac8078839317d1aa30956a0fad4ac6ad6f26b4240b1d3f62568cbb3d7
knowledge-base/01-android/12-platform-native/07-bpf.md	knowledge-base/01-android/12-platform-native/07-bpf.md	4	3efabc48215495a410f4784e686893a90f9efdbe202c42e7e3f91309c4772807
knowledge-base/01-android/12-platform-native/08-rust-native.md	knowledge-base/01-android/12-platform-native/08-rust-native.md	3	81ecbb687171867491162fd5a7df681e5daa8990f5d9e24d9c8e4b9d7803343b
knowledge-base/01-android/18-build-system/01-product-config.md	knowledge-base/01-android/13-build-system/01-product-config.md	15	1897c9974c9c5f53c207d6b2ee3a8534b12354d3730d2dff59b1782b7d19719e
knowledge-base/01-android/18-build-system/02-soong-modules.md	knowledge-base/01-android/13-build-system/02-soong-modules.md	26	3be0559a9438fdf708fc21a85515b3d18fd07e495127b2cc35ca6e95f139ec00
knowledge-base/01-android/18-build-system/05-android-executables.md	knowledge-base/01-android/13-build-system/03-android-executables.md	6	b6e786bf31d16fa37f91a7be786b1479ec3853a49ba70a4b37e8c7395dd3e61b
knowledge-base/01-android/18-build-system/06-android-system-images.md	knowledge-base/01-android/13-build-system/04-android-system-images.md	8	5a5268dbc921925d5c4b03460f474027d37eafd644d757d3cc55ab7d2e34b22e
knowledge-base/01-android/18-build-system/03-android-kernel-build.md	knowledge-base/01-android/13-build-system/05-android-kernel-build.md	14	23cc503920bbeb5c2868f3c0e3f68fc03f359bb502d7d15b449e89a24bfa95fc
knowledge-base/01-android/18-build-system/04-kernel-modules.md	knowledge-base/01-android/13-build-system/06-kernel-modules.md	4	ae11150e9813ca0ff2182c9e9cdb73b429b14c6a3aacbbde726be443f67fec21
knowledge-base/01-android/18-build-system/07-aconfig.md	knowledge-base/01-android/13-build-system/07-aconfig.md	9	07d4ae61fd30ace4cca13b9e386ea55d4f6db1837674560248a7827ba77fa13d
knowledge-base/01-android/08-cpu-power/01-scheduler-power-framework.md	knowledge-base/01-android/14-cpu-power/01-scheduler-power-framework.md	35	865c7cb00b652e58f8d7c780d9dbe0b04a545927f7fa5e21000b1f1be8d68d3a
knowledge-base/01-android/08-cpu-power/02-energy-efficiency.md	knowledge-base/01-android/14-cpu-power/02-energy-efficiency.md	18	5bf5b611c6be21f581db7a6542db70bdb62cd3d334b67630346c2527cce211bd
knowledge-base/01-android/07-performance/01-smoothness.md	knowledge-base/01-android/15-performance/01-smoothness.md	35	c56e15ec599d67e750ca2edf1bb29e32ce8b489222359d3d234145a46a888b99
knowledge-base/01-android/07-performance/02-responsiveness.md	knowledge-base/01-android/15-performance/02-responsiveness.md	31	23854a05bee196c4f039bfff509d1b4328c8871698b5afbbb5b2b6f7d0dafc43
knowledge-base/01-android/07-performance/03-anr.md	knowledge-base/01-android/15-performance/03-anr.md	29	4d5e851480240e5126f9b69bca565726ce0a40b6d1b648f88555dd62c6735fd6
knowledge-base/01-android/07-performance/04-memory-performance.md	knowledge-base/01-android/15-performance/04-memory-performance.md	23	6923c3f4929dd7cdc69ab94dbbdedc753df759844a9ed500682c59228a50dac8
knowledge-base/01-android/07-performance/05-power.md	knowledge-base/01-android/15-performance/05-power.md	25	46d5610628e756fe868bdfa0426bbcecb187fa725cf7eee8ebc361b97f55c8c3
knowledge-base/01-android/07-performance/06-network-performance.md	knowledge-base/01-android/15-performance/06-network-performance.md	20	a5d4421cafe847b4d5992f44da3b958df449bbc01dc4098219a4a77bf9801b4f
knowledge-base/01-android/07-performance/09-platform-optimization.md	knowledge-base/01-android/15-performance/07-platform-optimization.md	13	c610c32757d6023ba287dbba94f1dbebc69a65ebf48843de1a10cf0e8cc45041
knowledge-base/01-android/09-app-practice/17-resource-annotations.md	knowledge-base/01-android/16-app-practice/01-resource-annotations.md	2	5e40146f67013b283bfcf8aae48b5b62eb17426bf543e3b2610ead5815c95cd1
knowledge-base/01-android/09-app-practice/19-mvp-architecture.md	knowledge-base/01-android/16-app-practice/02-mvp-architecture.md	6	a13096e23b70ab5a93481e27c56201b81cf528eb010d72e09e6739c3bdc74dcc
knowledge-base/01-android/09-app-practice/01-stability-metrics-crash.md	knowledge-base/01-android/16-app-practice/03-stability-metrics-crash.md	25	cebcb3e1c0daf19d8c7f2612862989528018948269827adfa9e3b97f1973d118
knowledge-base/01-android/09-app-practice/02-stability-leaks.md	knowledge-base/01-android/16-app-practice/04-stability-leaks.md	25	bce7ce4764878b018851a6ecf941a62bddb6745dc0e554c7a1e4c3657f7dff2e
knowledge-base/01-android/09-app-practice/03-stability-threads-ipc.md	knowledge-base/01-android/16-app-practice/05-stability-threads-ipc.md	21	77b15e4e5a1f5a566016e5fa814db7794c715a73464fed05fb99d1a3291d00e1
knowledge-base/01-android/09-app-practice/04-stability-native-sdk.md	knowledge-base/01-android/16-app-practice/06-stability-native-sdk.md	24	9bda8013db1badb848cae32d40e2933ca17d6fb49a0cbef7cfef27cd4d3a4c96
knowledge-base/01-android/09-app-practice/05-startup-optimization.md	knowledge-base/01-android/16-app-practice/07-startup-optimization.md	34	3d54807f1d4f307d74fb96f0efe2b7b0ddd3ab467842af55a4f4f156c9021713
knowledge-base/01-android/09-app-practice/06-rendering-view-compose.md	knowledge-base/01-android/16-app-practice/08-rendering-view-compose.md	24	0dc1a5a4b2a4d43ba6864320da79dfd7a51cbcc7e9360852c7ba3660eac65ccf
knowledge-base/01-android/09-app-practice/07-rendering-compose-advanced.md	knowledge-base/01-android/16-app-practice/09-rendering-compose-advanced.md	24	fd41135bcad2b64e4158ffd76d2ff82feaddd2a0ab0e9e8e0a7286371e6735c2
knowledge-base/01-android/09-app-practice/08-rendering-image-pages.md	knowledge-base/01-android/16-app-practice/10-rendering-image-pages.md	26	93681365249e4d60fdeb78252536a0c81b09af3e9c199a337e2f44f3b817e2fc
knowledge-base/01-android/09-app-practice/09-rendering-media-hybrid.md	knowledge-base/01-android/16-app-practice/11-rendering-media-hybrid.md	33	d1c8c4031f9d0d2af902866fea0ea225d2682f9b48d0f59e6b3582f734da954d
knowledge-base/01-android/09-app-practice/10-memory-practice.md	knowledge-base/01-android/16-app-practice/12-memory-practice.md	32	1611192e06d335147be24a9de94472abc31d4a0d3633fcab37b7ac502300b249
knowledge-base/01-android/09-app-practice/11-io-storage-practice.md	knowledge-base/01-android/16-app-practice/13-io-storage-practice.md	39	d27e338893ca117a13828967bee30a43b7013bed2ef6aacece00ab9d8bb412d6
knowledge-base/01-android/09-app-practice/12-network-practice.md	knowledge-base/01-android/16-app-practice/14-network-practice.md	30	538267a4c4bd32ae9a60e05d406b68e07ea598beeeaa3193fbc7e7a0ad558c9d
knowledge-base/01-android/09-app-practice/13-power-practice.md	knowledge-base/01-android/16-app-practice/15-power-practice.md	28	573b272bf30b783ba6eebd88dc2dfd871180167bb40353a7d32be6731b842c12
knowledge-base/01-android/09-app-practice/14-cpu-size-optimization.md	knowledge-base/01-android/16-app-practice/16-cpu-size-optimization.md	28	e311172bc2c8f8642e47802722d9f55dd53bca5170f61a835d903689d2aeb3f4
knowledge-base/01-android/09-app-practice/15-observability-governance.md	knowledge-base/01-android/16-app-practice/17-observability-governance.md	27	2d4d3e84fab709feacfba9b9c42128fec05e1b4ae30e1a01141afb2157e6f24f
knowledge-base/01-android/09-app-practice/16-observability-diagnostics.md	knowledge-base/01-android/16-app-practice/18-observability-diagnostics.md	33	6892bc4f9453468324f08ea0141de996ee8d7f362c46600e3cd10a79f8a6c42e
knowledge-base/01-android/10-tools/08-diagnosis-method.md	knowledge-base/01-android/17-tools/01-diagnosis-method.md	8	9437f9a2596d8a62711ca0661f1fef817eec4525abc514034f4981414795d2cf
knowledge-base/01-android/10-tools/05-performance-methodology.md	knowledge-base/01-android/17-tools/02-performance-methodology.md	35	69e4b97735835805b95a5ab72a6c68963714e9ee06f11c89a0fb3f27e902e34f
knowledge-base/01-android/10-tools/03-performance-tools.md	knowledge-base/01-android/17-tools/03-performance-tools.md	38	47be44688fbe42b99b1539f71ecd0b4fc018b1cb7c459bc262cf0242641a2f03
knowledge-base/01-android/10-tools/01-perfetto-sql.md	knowledge-base/01-android/17-tools/04-perfetto-sql.md	35	5ce4d0f3746a13027b0139b57bc0e9263ca94860baaba1b12503cb57b7ddf04c
knowledge-base/01-android/10-tools/02-perfetto-advanced.md	knowledge-base/01-android/17-tools/05-perfetto-advanced.md	30	e604f242aad0dd12df68d4743d2ea6920d21e0cde4ae3fc9350711af3cd1f47b
knowledge-base/01-android/10-tools/04-gpu-tools.md	knowledge-base/01-android/17-tools/06-gpu-tools.md	30	bc32b72cddf7127306aeef9db2d3457bfcd26e82bcf9e00ba89a499ed3c8a5c9
knowledge-base/01-android/10-tools/06-apm-platform.md	knowledge-base/01-android/17-tools/07-apm-platform.md	30	4507aa71517fc775fc4f6e2dde7673d371eb10308bc1749288eb9c14f4568191
knowledge-base/01-android/10-tools/07-apm-internals.md	knowledge-base/01-android/17-tools/08-apm-internals.md	32	7899f24933139f4b0da4815623d1c70fa9e24687638f8851f34cf2ce418b62a2
knowledge-base/01-android/11-defect-patterns/02-main-thread-async.md	knowledge-base/01-android/18-defect-patterns/01-main-thread-async.md	27	7b5c407b3a2deb28fdaadcee42ae455160c9a79a066c3159aadcc4dbfe4b8cbc
knowledge-base/01-android/11-defect-patterns/06-state-cache-startup.md	knowledge-base/01-android/18-defect-patterns/02-state-cache-startup.md	26	41d1a4f8958cffb58faa6d27d63def3314f868d4b262b1399676f2f997bde227
knowledge-base/01-android/11-defect-patterns/07-crash-protection.md	knowledge-base/01-android/18-defect-patterns/03-crash-protection.md	20	7531bd41fae12b725fb9fecea1d06a90a146c2ce21cfb42c959fd2b72d299000
knowledge-base/01-android/11-defect-patterns/05-ui-theme-fidelity.md	knowledge-base/01-android/18-defect-patterns/04-ui-theme-fidelity.md	31	9b01890f2124e28263feb6a28bc2347d12b8e49657e9b2ac0a12152e6e42c3a9
knowledge-base/01-android/11-defect-patterns/03-bluetooth-mechanisms.md	knowledge-base/01-android/18-defect-patterns/05-bluetooth-mechanisms.md	31	5b1448f0420bda56006c266f3a474601359aa552ec1f3ea1cbfe314626a40f28
knowledge-base/01-android/11-defect-patterns/01-vehicle-signal-semantics.md	knowledge-base/01-android/18-defect-patterns/06-vehicle-signal-semantics.md	24	4cc70298ff52f998a9882a210666fd94712f26e6dfe048ac84b154f17bc78a09
knowledge-base/01-android/11-defect-patterns/04-kanzi-state-sync.md	knowledge-base/01-android/18-defect-patterns/07-kanzi-state-sync.md	18	adfc151509bad2f752f0d639d689c0ce79475c0a7a9bdb67e8367428231111ec
