1	冷启动默认开启：未就绪前保持隐藏
2	启动前关闭开关：萌宠应隐藏
3	运行中关闭开关：隐藏并清理状态
4	重新开启：直接进入常驻动作
5	动作发送失败：重试次数未耗尽
6	动作发送失败：耗尽重试后隐藏
7	前台未充电就绪：播放出场动作
8	出场下发时：立即播放音效
9	出场完成：停止音效并进入常驻
10	出场完成：取消看门狗并进入常驻
11	同一进程再次就绪：忽略重复通知
12	后台收到就绪：错过出场且不补播
13	充电时收到就绪：跳过出场
14	出场中切后台：终止动作，回前台恢复常驻
15	重复切后台：忽略第二次通知
16	常驻计时触发：播放随机动作并启动看门狗
17	随机动作完成：返回常驻并重新计时
18	常驻中切后台：暂停计时，回前台恢复
19	动作无完成回调：看门狗恢复常驻
20	常驻时点击：播放点击动作和音效
21	点击动作完成：返回常驻循环
22	出场中点击：拒绝点击动作
23	低电量时点击：拦截，恢复后允许
24	后台时点击：忽略点击
25	点击动作中再次点击：忽略重复点击
26	关闭再开启开关：重新进入常驻
27	常驻时音乐开始：进入舞动并暂停常驻计时
28	音乐停止：发送结束动作并回到常驻
29	出场中音乐开始：出场完成后再舞动
30	启动前音乐已播放：先出场再舞动
31	点击中音乐开始：点击完成后再舞动
32	舞动时点击：点击完成后恢复舞动
33	舞动点击后播放边沿丢失：查询媒体状态并恢复舞动
34	媒体状态经查询校正后暂停：结束舞动
35	音乐实际已停时点击舞动：完成后保持常驻
36	低电量时音乐开始：拒绝舞动
37	电量恢复后新的音乐起播：允许舞动
38	舞动期间电量降低：停歌后再进入低电量
39	后台音乐开始：回前台按当前状态恢复
40	后台音乐停止：回前台进入常驻
41	语音期间音乐开始：语音结束后再舞动
42	常驻时语音唤醒：进入语音并暂停常驻计时
43	语音结束：返回常驻循环
44	舞动时语音开始和结束：结束后恢复舞动
45	舞动时生日事件：生日结束后恢复舞动
46	舞动时天气事件：天气动作结束后恢复舞动
47	点击期间语音开始：点击完成后进入语音
48	语音中点击：点击完成后重启语音动作
49	语音未开始就收到结束：忽略迟到事件
50	后台收到语音唤醒：回前台进入语音
51	低电量时语音开始：结束后不恢复低电量动作
52	启动前语音唤醒：先出场再进入语音
53	常驻时电量低：进入低电量并暂停常驻计时
54	电量恢复：结束低电量并回到常驻
55	出场中电量降低：出场完成后进入低电量
56	点击期间电量降低：点击完成后进入低电量
57	语音期间电量降低：语音结束后进入低电量
58	充电时低电量事件：拒绝低电量动作
59	启动前电量低：先出场再进入低电量
60	后台电量降低：回前台按当前电量状态恢复
61	常驻时插枪：进入充电并暂停常驻计时
62	拔枪：退出充电并返回常驻
63	出场期间插枪：出场完成后进入充电
64	点击期间插枪：充电动作立即打断点击
65	舞动期间插枪再拔枪：不恢复舞动
66	语音期间插枪：充电动作打断语音
67	低电量后插枪再拔枪：不恢复低电量
68	低电量被抑制后新电量周期：重新允许触发
69	后台充电：回前台恢复充电动作
70	充电时点击：拒绝点击动作
71	充电时音乐开始：拔枪后再舞动
72	充电时语音唤醒：拒绝语音动作
73	点击期间常驻计时到期：完成前不播放随机动作
74	充电抑制舞动后拔枪并切后台：不自动恢复舞动
75	充电结束后新的音乐起播：重新开始舞动
76	延迟动作挂起：当前动作完成后补播
77	舞动中语音再插枪：只抑制语音，拔枪后恢复舞动
78	出场完成后生日事件：播放生日动作
79	重复生日通知：每次均播放
80	生日事件：不播放生日音效
81	生日动作中关闭开关：回报跳过并隐藏
82	生日动作发送失败耗尽重试：回报跳过并隐藏
83	出场期间生日事件：出场完成后播放生日
84	充电时生日事件：回报跳过
85	出场完成后下雨事件：播放雨天动作
86	天气只接收首个有效事件：后续天气忽略
87	节日事件：叠加皮肤，不替换当前动作
88	重复节日事件：回报结果但音效只播一次
89	取消节日：移除当前节日皮肤
90	舞动中关闭开关：先结束音乐再隐藏
91	出场前长期未登录：出场完成后播放提醒
92	出场期间长期未登录：出场完成后补播提醒
93	常驻时长期未登录：暂停常驻并播放提醒
94	长期未登录提醒完成：无音效并返回常驻
95	重复长期未登录通知：只播放一次
96	充电时长期未登录：拒绝提醒
97	舞动时长期未登录：拒绝提醒
98	开关关闭时长期未登录：忽略提醒
99	未收到就绪沿：开关重开仍隐藏
