old_path	new_path
01-architecture/01-system-architecture.md	01-architecture/01-system-architecture.md
01-architecture/02-system-boot.md	01-architecture/02-system-boot.md
01-architecture/03-system-server.md	01-architecture/04-system-server.md
01-architecture/04-binder.md	01-architecture/03-binder.md
01-architecture/05-hal.md	01-architecture/05-hal.md
01-architecture/06-art-runtime.md	01-architecture/06-art-runtime.md
01-architecture/07-jni.md	01-architecture/07-jni.md
01-architecture/08-package-management.md	01-architecture/08-package-management.md
01-architecture/09-app-sandbox.md	01-architecture/09-app-sandbox.md
01-architecture/10-permissions.md	01-architecture/10-permissions.md
01-architecture/11-selinux.md	01-architecture/11-selinux.md
02-app-framework/01-four-components.md	02-app-framework/01-four-components.md
02-app-framework/02-handler-looper.md	02-app-framework/02-handler-looper.md
02-app-framework/03-content-provider.md	02-app-framework/04-content-provider.md
02-app-framework/04-parcel.md	02-app-framework/03-parcel.md
02-app-framework/05-collections-annotations.md	02-app-framework/05-collections-annotations.md
02-app-framework/06-private-space.md	02-app-framework/06-private-space.md
02-app-framework/07-mvp-architecture.md	02-app-framework/07-mvp-architecture.md
02-app-framework/08-app-thread-ipc-stability.md	02-app-framework/08-app-thread-ipc-stability.md
02-app-framework/09-defect-main-thread-async.md	02-app-framework/09-defect-main-thread-async.md
03-ui/01-activity.md	03-ui/01-activity.md
03-ui/02-view.md	03-ui/02-view.md
03-ui/03-resources.md	03-ui/03-resources.md
03-ui/04-window-system.md	03-ui/04-window-system.md
03-ui/05-compose.md	03-ui/05-compose.md
03-ui/06-aaos-ui.md	03-ui/06-aaos-ui.md
03-ui/07-driving-safety.md	03-ui/07-driving-safety.md
03-ui/08-ui-debugging.md	03-ui/11-ui-debugging.md
03-ui/09-app-view-compose-practice.md	03-ui/08-app-view-compose-practice.md
03-ui/10-app-compose-advanced-practice.md	03-ui/09-app-compose-advanced-practice.md
03-ui/11-defect-ui-theme-fidelity.md	03-ui/10-defect-ui-theme-fidelity.md
04-input/01-input-system.md	04-input/01-input-system.md
04-input/02-app-event-dispatch.md	04-input/02-app-event-dispatch.md
04-input/03-input-reader.md	04-input/03-input-reader.md
04-input/04-key-mapping.md	04-input/04-key-mapping.md
04-input/05-focus-multi-display.md	04-input/05-focus-multi-display.md
04-input/06-aaos-input.md	04-input/06-aaos-input.md
04-input/07-input-diagnostics.md	04-input/07-input-diagnostics.md
05-rendering/01-render-pipeline-vsync.md	05-rendering/01-render-pipeline-vsync.md
05-rendering/02-gpu-composition-display.md	05-rendering/02-gpu-composition-display.md
05-rendering/03-multi-window-foldable.md	05-rendering/03-multi-window-foldable.md
05-rendering/04-graphics-api.md	05-rendering/04-graphics-api.md
05-rendering/05-graphic-stack-preload.md	05-rendering/05-graphic-stack-preload.md
05-rendering/06-camera-pipeline.md	05-rendering/06-camera-pipeline.md
05-rendering/07-media-playback.md	05-rendering/07-media-playback.md
05-rendering/08-android-xr.md	05-rendering/08-android-xr.md
05-rendering/09-app-image-page-rendering.md	05-rendering/09-app-image-page-rendering.md
05-rendering/10-app-media-hybrid-practice.md	05-rendering/10-app-media-hybrid-practice.md
05-rendering/11-gpu-diagnostics-tools.md	05-rendering/11-gpu-diagnostics-tools.md
06-storage/01-partitions.md	06-storage/01-partitions.md
06-storage/02-storage-io.md	06-storage/02-storage-io.md
06-storage/03-app-io-storage-practice.md	06-storage/03-app-io-storage-practice.md
07-memory/01-memory-management.md	07-memory/01-memory-management.md
07-memory/02-reclaim-compression.md	07-memory/02-reclaim-compression.md
07-memory/03-app-memory-stability.md	07-memory/03-app-memory-stability.md
07-memory/04-app-memory-practice.md	07-memory/04-app-memory-practice.md
08-network/01-network-framework.md	08-network/01-network-framework.md
08-network/02-cellular-wireless.md	08-network/02-cellular-wireless.md
08-network/03-app-network-constraints.md	08-network/04-app-network-constraints.md
08-network/04-transport-protocols.md	08-network/03-transport-protocols.md
08-network/05-vpn.md	08-network/06-vpn.md
08-network/06-multi-apn-veth.md	08-network/05-multi-apn-veth.md
08-network/07-vehicle-network.md	08-network/07-vehicle-network.md
08-network/08-vehicle-security.md	08-network/08-vehicle-security.md
08-network/09-network-diagnostics.md	08-network/10-network-diagnostics.md
08-network/10-app-network-practice.md	08-network/09-app-network-practice.md
09-audio/01-aosp-audio.md	09-audio/01-aosp-audio.md
09-audio/02-phone-audio-focus.md	09-audio/02-phone-audio-focus.md
09-audio/03-aaos-audio.md	09-audio/03-aaos-audio.md
09-audio/04-audio-latency.md	09-audio/04-audio-latency.md
09-audio/05-bluetooth-audio.md	09-audio/05-bluetooth-audio.md
09-audio/06-audio-decisions.md	09-audio/06-audio-decisions.md
09-audio/07-focus-api.md	09-audio/07-focus-api.md
09-audio/08-focus-flow.md	09-audio/08-focus-flow.md
09-audio/09-car-focus.md	09-audio/09-car-focus.md
09-audio/10-routing-volume.md	09-audio/10-routing-volume.md
09-audio/11-playback-hal.md	09-audio/11-playback-hal.md
09-audio/12-diagnostics.md	09-audio/12-diagnostics.md
09-audio/13-defect-bluetooth-mechanisms.md	09-audio/13-defect-bluetooth-mechanisms.md
10-aaos/01-aaos-app-dev.md	13-aaos/05-aaos-app-dev.md
10-aaos/02-vehicle-links.md	13-aaos/01-vehicle-links.md
10-aaos/03-car-services.md	13-aaos/02-car-services.md
10-aaos/04-vhal-integration.md	13-aaos/03-vhal-integration.md
10-aaos/05-car-power-users.md	13-aaos/04-car-power-users.md
10-aaos/06-car-launcher.md	13-aaos/06-car-launcher.md
10-aaos/07-defect-state-cache-startup.md	13-aaos/09-defect-state-cache-startup.md
10-aaos/08-vehicle-signal-semantics.md	13-aaos/07-vehicle-signal-semantics.md
10-aaos/09-kanzi-state-sync.md	13-aaos/08-kanzi-state-sync.md
11-platform-services/01-broadcast.md	10-platform-services/01-broadcast.md
11-platform-services/02-notifications.md	10-platform-services/02-notifications.md
11-platform-services/03-location.md	10-platform-services/03-location.md
11-platform-services/04-biometrics.md	10-platform-services/04-biometrics.md
11-platform-services/05-aconfig-runtime.md	10-platform-services/05-aconfig-runtime.md
11-platform-services/06-avf-virtualization.md	10-platform-services/06-avf-virtualization.md
11-platform-services/07-ai-services.md	10-platform-services/07-ai-services.md
12-platform-native/01-kernel-gki.md	11-platform-native/01-kernel-gki.md
12-platform-native/02-driver-runtime.md	11-platform-native/02-driver-runtime.md
12-platform-native/03-binder-driver.md	11-platform-native/03-binder-driver.md
12-platform-native/04-shared-memory.md	11-platform-native/04-shared-memory.md
12-platform-native/05-bionic-linker.md	11-platform-native/05-bionic-linker.md
12-platform-native/06-logd.md	11-platform-native/06-logd.md
12-platform-native/07-bpf.md	11-platform-native/07-bpf.md
12-platform-native/08-rust-native.md	11-platform-native/08-rust-native.md
12-platform-native/09-app-native-stability.md	11-platform-native/09-app-native-stability.md
13-build-system/01-product-config.md	12-build-system/01-product-config.md
13-build-system/02-soong-modules.md	12-build-system/02-soong-modules.md
13-build-system/03-android-executables.md	12-build-system/03-android-executables.md
13-build-system/04-android-system-images.md	12-build-system/04-android-system-images.md
13-build-system/05-android-kernel-build.md	12-build-system/05-android-kernel-build.md
13-build-system/06-kernel-modules.md	12-build-system/06-kernel-modules.md
13-build-system/07-aconfig.md	12-build-system/07-aconfig.md
14-cpu-power/01-scheduler-power-framework.md	14-cpu-power/01-scheduler-power-framework.md
14-cpu-power/02-energy-efficiency.md	14-cpu-power/02-energy-efficiency.md
14-cpu-power/03-app-power-practice.md	14-cpu-power/03-app-power-practice.md
14-cpu-power/04-app-cpu-size-optimization.md	14-cpu-power/04-app-cpu-size-optimization.md
15-performance/01-smoothness.md	15-performance/05-smoothness.md
15-performance/02-responsiveness.md	15-performance/06-responsiveness.md
15-performance/03-anr.md	15-performance/08-anr.md
15-performance/04-memory-performance.md	15-performance/09-memory-performance.md
15-performance/05-power.md	15-performance/10-power.md
15-performance/06-network-performance.md	15-performance/11-network-performance.md
15-performance/07-platform-optimization.md	15-performance/12-platform-optimization.md
15-performance/08-performance-learning-path.md	15-performance/01-performance-learning-path.md
15-performance/09-app-stability.md	15-performance/13-app-stability.md
15-performance/10-app-crash-patterns.md	15-performance/14-app-crash-patterns.md
15-performance/11-app-startup-optimization.md	15-performance/07-app-startup-optimization.md
15-performance/12-app-observability-governance.md	15-performance/16-app-observability-governance.md
15-performance/13-app-observability-diagnostics.md	15-performance/17-app-observability-diagnostics.md
15-performance/14-performance-methodology.md	15-performance/02-performance-methodology.md
15-performance/15-performance-tools.md	15-performance/03-performance-tools.md
15-performance/16-perfetto-analysis.md	15-performance/04-perfetto-analysis.md
15-performance/17-perfetto-advanced.md	15-performance/15-perfetto-advanced.md
15-performance/18-apm-platform.md	15-performance/18-apm-platform.md
15-performance/19-apm-internals.md	15-performance/19-apm-internals.md
